{
    "module_0": {
        "class_0": {
            "accuracy": 0.1562,
            "precision": 0.10587113183552353,
            "recall": 0.999,
            "f1": 0.19145266385588347
        },
        "class_1": {
            "accuracy": 0.9,
            "precision": 0.0,
            "recall": 0.0,
            "f1": 0.0
        },
        "class_2": {
            "accuracy": 0.9009,
            "precision": 0.6153846153846154,
            "recall": 0.024,
            "f1": 0.04619826756496631
        },
        "class_3": {
            "accuracy": 0.8965,
            "precision": 0.45179063360881544,
            "recall": 0.164,
            "f1": 0.24064563462949376
        },
        "class_4": {
            "accuracy": 0.9028,
            "precision": 0.8043478260869565,
            "recall": 0.037,
            "f1": 0.07074569789674952
        },
        "class_5": {
            "accuracy": 0.9,
            "precision": 0.0,
            "recall": 0.0,
            "f1": 0.0
        },
        "class_6": {
            "accuracy": 0.9,
            "precision": 0.0,
            "recall": 0.0,
            "f1": 0.0
        },
        "class_7": {
            "accuracy": 0.9009,
            "precision": 1.0,
            "recall": 0.009,
            "f1": 0.017839444995044598
        },
        "class_8": {
            "accuracy": 0.9107,
            "precision": 1.0,
            "recall": 0.107,
            "f1": 0.1933152664859982
        },
        "class_9": {
            "accuracy": 0.9,
            "precision": 0.0,
            "recall": 0.0,
            "f1": 0.0
        }
    },
    "module_1": {
        "class_0": {
            "accuracy": 0.9094,
            "precision": 0.9051724137931034,
            "recall": 0.105,
            "f1": 0.1881720430107527
        },
        "class_1": {
            "accuracy": 0.2415,
            "precision": 0.11648223645894001,
            "recall": 1.0,
            "f1": 0.20865936358894105
        },
        "class_2": {
            "accuracy": 0.903,
            "precision": 0.7678571428571429,
            "recall": 0.043,
            "f1": 0.08143939393939394
        },
        "class_3": {
            "accuracy": 0.8484,
            "precision": 0.22955974842767296,
            "recall": 0.219,
            "f1": 0.2241555783009212
        },
        "class_4": {
            "accuracy": 0.9,
            "precision": 0.0,
            "recall": 0.0,
            "f1": 0.0
        },
        "class_5": {
            "accuracy": 0.8999,
            "precision": 0.3333333333333333,
            "recall": 0.001,
            "f1": 0.0019940179461615153
        },
        "class_6": {
            "accuracy": 0.8947,
            "precision": 0.3551912568306011,
            "recall": 0.065,
            "f1": 0.10989010989010989
        },
        "class_7": {
            "accuracy": 0.9,
            "precision": 0.0,
            "recall": 0.0,
            "f1": 0.0
        },
        "class_8": {
            "accuracy": 0.9,
            "precision": 0.0,
            "recall": 0.0,
            "f1": 0.0
        },
        "class_9": {
            "accuracy": 0.9103,
            "precision": 1.0,
            "recall": 0.103,
            "f1": 0.18676337262012693
        }
    },
    "module_2": {
        "class_0": {
            "accuracy": 0.9,
            "precision": 0.0,
            "recall": 0.0,
            "f1": 0.0
        },
        "class_1": {
            "accuracy": 0.9,
            "precision": 0.0,
            "recall": 0.0,
            "f1": 0.0
        },
        "class_2": {
            "accuracy": 0.1707,
            "precision": 0.1075234097513723,
            "recall": 0.999,
            "f1": 0.1941502283548732
        },
        "class_3": {
            "accuracy": 0.9058,
            "precision": 0.5947712418300654,
            "recall": 0.182,
            "f1": 0.2787136294027565
        },
        "class_4": {
            "accuracy": 0.9024,
            "precision": 0.9615384615384616,
            "recall": 0.025,
            "f1": 0.04873294346978557
        },
        "class_5": {
            "accuracy": 0.9,
            "precision": 0.0,
            "recall": 0.0,
            "f1": 0.0
        },
        "class_6": {
            "accuracy": 0.9173,
            "precision": 0.7294429708222812,
            "recall": 0.275,
            "f1": 0.39941902687000724
        },
        "class_7": {
            "accuracy": 0.9,
            "precision": 0.0,
            "recall": 0.0,
            "f1": 0.0
        },
        "class_8": {
            "accuracy": 0.9,
            "precision": 0.0,
            "recall": 0.0,
            "f1": 0.0
        },
        "class_9": {
            "accuracy": 0.9,
            "precision": 0.0,
            "recall": 0.0,
            "f1": 0.0
        }
    },
    "module_3": {
        "class_0": {
            "accuracy": 0.9,
            "precision": 0.0,
            "recall": 0.0,
            "f1": 0.0
        },
        "class_1": {
            "accuracy": 0.9,
            "precision": 0.0,
            "recall": 0.0,
            "f1": 0.0
        },
        "class_2": {
            "accuracy": 0.9,
            "precision": 0.0,
            "recall": 0.0,
            "f1": 0.0
        },
        "class_3": {
            "accuracy": 0.1007,
            "precision": 0.10007004903432402,
            "recall": 1.0,
            "f1": 0.1819339579732557
        },
        "class_4": {
            "accuracy": 0.9007,
            "precision": 1.0,
            "recall": 0.007,
            "f1": 0.013902681231380337
        },
        "class_5": {
            "accuracy": 0.9,
            "precision": 0.0,
            "recall": 0.0,
            "f1": 0.0
        },
        "class_6": {
            "accuracy": 0.9,
            "precision": 0.0,
            "recall": 0.0,
            "f1": 0.0
        },
        "class_7": {
            "accuracy": 0.9,
            "precision": 0.0,
            "recall": 0.0,
            "f1": 0.0
        },
        "class_8": {
            "accuracy": 0.9,
            "precision": 0.0,
            "recall": 0.0,
            "f1": 0.0
        },
        "class_9": {
            "accuracy": 0.9,
            "precision": 0.0,
            "recall": 0.0,
            "f1": 0.0
        }
    },
    "module_4": {
        "class_0": {
            "accuracy": 0.9,
            "precision": 0.0,
            "recall": 0.0,
            "f1": 0.0
        },
        "class_1": {
            "accuracy": 0.9,
            "precision": 0.0,
            "recall": 0.0,
            "f1": 0.0
        },
        "class_2": {
            "accuracy": 0.9,
            "precision": 0.0,
            "recall": 0.0,
            "f1": 0.0
        },
        "class_3": {
            "accuracy": 0.9036,
            "precision": 0.9285714285714286,
            "recall": 0.039,
            "f1": 0.07485604606525911
        },
        "class_4": {
            "accuracy": 0.1043,
            "precision": 0.10043185698503565,
            "recall": 1.0,
            "f1": 0.18253171488546135
        },
        "class_5": {
            "accuracy": 0.9,
            "precision": 0.0,
            "recall": 0.0,
            "f1": 0.0
        },
        "class_6": {
            "accuracy": 0.9001,
            "precision": 1.0,
            "recall": 0.001,
            "f1": 0.001998001998001998
        },
        "class_7": {
            "accuracy": 0.9,
            "precision": 0.0,
            "recall": 0.0,
            "f1": 0.0
        },
        "class_8": {
            "accuracy": 0.9,
            "precision": 0.0,
            "recall": 0.0,
            "f1": 0.0
        },
        "class_9": {
            "accuracy": 0.9,
            "precision": 0.0,
            "recall": 0.0,
            "f1": 0.0
        }
    },
    "module_5": {
        "class_0": {
            "accuracy": 0.9,
            "precision": 0.0,
            "recall": 0.0,
            "f1": 0.0
        },